{"cameraMode":{"drawMode":0,"name":"Shaded","section":"Shading Mode"},"sceneLighting":false,"audioPlay":false,"sceneViewState":{"m_AlwaysRefresh":false,"showFog":true,"showSkybox":false,"showFlares":true,"showImageEffects":true,"showParticleSystems":true,"showVisualEffectGraphs":true,"m_FxEnabled":true},"in2DMode":false,"pivot":{"x":0.1453939825296402,"y":-0.03400281071662903,"z":0.07820950448513031},"rotation":{"x":0.24236264824867249,"y":0.10628224164247513,"z":-0.026734087616205217,"w":0.9639908671379089},"size":15.8725004196167,"orthographic":false}