{"cameraMode":{"drawMode":0,"name":"Shaded","section":"Shading Mode"},"sceneLighting":true,"audioPlay":false,"sceneViewState":{"m_AlwaysRefresh":false,"showFog":true,"showSkybox":true,"showFlares":true,"showImageEffects":true,"showParticleSystems":true,"showVisualEffectGraphs":true,"m_FxEnabled":true},"in2DMode":false,"pivot":{"x":-25.147476196289064,"y":27.64644432067871,"z":-14.947113990783692},"rotation":{"x":0.033516980707645419,"y":0.8872441649436951,"z":-0.06534382700920105,"w":0.45551180839538576},"size":24.742158889770509,"orthographic":false}